experiment,variant,cv_splits,model,rows,predictors,note,macro_f1_mean,macro_f1_std,accuracy_mean,accuracy_std,balanced_accuracy_mean,balanced_accuracy_std,ordinal_mae_mean,ordinal_mae_std,fit_seconds_mean,fit_seconds_std,predict_seconds_mean,predict_seconds_std,total_seconds_mean,total_seconds_std,train_rows_after_sampling_mean,train_rows_after_sampling_std,macro_f1_delta_vs_10fold_baseline,accuracy_delta_vs_10fold_baseline,balanced_accuracy_delta_vs_10fold_baseline,ordinal_mae_delta_vs_10fold_baseline,same_population_as_10fold_baseline
ten_fold_validation,imputation_indicators_10fold,2,Extra Trees,6834,31,Ten-fold sensitivity check for Extra Trees with imputation indicators.,0.5730744131903966,1.2509001954313727e-05,0.7028094820017559,0.0035179441850076436,0.5754544602039597,0.0011815724917673444,0.33772314896107697,0.0004138757864714644,0.13201405000290833,0.0010480029555560166,0.012798550014849752,0.00023723432050988527,0.1448126000177581,0.0008107686350461313,3417.0,0.0,0.01542997182647654,0.005999414691249649,0.019532594264216607,-0.009072285630670196,True
ten_fold_validation,main_all_school_extra_trees_10fold,2,Extra Trees,6834,20,Ten-fold sensitivity check for the tuned Extra Trees baseline.,0.5576444413639201,0.0018153626145962492,0.6968100673105062,0.0028971305053005257,0.5559218659397431,0.0010341453077268305,0.34679543459174716,0.004552633651186423,0.12302210000052582,0.005482623130167845,0.01263739999558311,0.00014184560967421547,0.13565949999610893,0.0056244687398420605,3417.0,0.0,0.0,0.0,0.0,0.0,True
