experiment,variant,cv_splits,model,rows,predictors,note,macro_f1_mean,macro_f1_std,accuracy_mean,accuracy_std,balanced_accuracy_mean,balanced_accuracy_std,ordinal_mae_mean,ordinal_mae_std,fit_seconds_mean,fit_seconds_std,predict_seconds_mean,predict_seconds_std,total_seconds_mean,total_seconds_std,train_rows_after_sampling_mean,train_rows_after_sampling_std
ordinal_classification,ordinal_extra_trees_decomposition,5,Extra Trees,6834,20,Two-threshold ordinal decomposition with fold-internal binary classifiers.,0.5863716264081678,0.02233573820482149,0.7306105749303013,0.0046017321900553776,0.5851552418584243,0.027905052670414526,0.31035954163234836,0.00347558811872188,15.392778079997516,0.3566977026303778,0.34676071999710983,0.03971656771663218,15.739538799994625,0.35899509310419914,5467.2,0.4472135955000088
ordinal_classification,ordinal_random_forest_decomposition,5,Random Forest,6834,20,Two-threshold ordinal decomposition with fold-internal binary classifiers.,0.5527470542948854,0.014157155623942597,0.7133451006307429,0.007001380911074111,0.5602781937621173,0.018456474486503928,0.33450170886435227,0.012740727483235114,3.4277834600012285,0.19503824119013724,0.1898626600042917,0.07971189157075934,3.61764612000552,0.19944048855432972,5467.2,0.4472135955000088
