experiment,variant,cv_splits,model,rows,predictors,note,macro_f1_mean,macro_f1_std,accuracy_mean,accuracy_std,balanced_accuracy_mean,balanced_accuracy_std,ordinal_mae_mean,ordinal_mae_std,fit_seconds_mean,fit_seconds_std,predict_seconds_mean,predict_seconds_std,total_seconds_mean,total_seconds_std,train_rows_after_sampling_mean,train_rows_after_sampling_std,macro_f1_delta_vs_10fold_baseline,accuracy_delta_vs_10fold_baseline,balanced_accuracy_delta_vs_10fold_baseline,ordinal_mae_delta_vs_10fold_baseline,same_population_as_10fold_baseline
ten_fold_validation,imputation_indicators_10fold,10,Extra Trees,6834,31,Ten-fold sensitivity check for Extra Trees with imputation indicators.,0.6094684484101812,0.034192988968325795,0.7328020514928121,0.01565755903026905,0.6128338356478823,0.037457699151863706,0.3023143510313118,0.01666436916455846,10.472349559995928,0.520193456419785,0.10491652000055182,0.010430478359992305,10.57726607999648,0.521826347781709,6150.6,0.5163977794943561,0.012351033807320833,0.006585368986154916,0.015115933758388045,-0.008927547027647142,True
ten_fold_validation,main_all_school_extra_trees_10fold,10,Extra Trees,6834,20,Ten-fold sensitivity check for the tuned Extra Trees baseline.,0.5971174146028604,0.03712738168059057,0.7262166825066572,0.015991161280911128,0.5977179018894943,0.04210840613882439,0.31124189805895897,0.017556562398273023,9.031309849998797,0.6092977022462354,0.11733444999845233,0.04397483809378648,9.14864429999725,0.6333658853621569,6150.6,0.5163977794943561,0.0,0.0,0.0,0.0,True
