experiment,variant,cv_splits,model,rows,predictors,note,macro_f1_mean,macro_f1_std,accuracy_mean,accuracy_std,balanced_accuracy_mean,balanced_accuracy_std,ordinal_mae_mean,ordinal_mae_std,fit_seconds_mean,fit_seconds_std,predict_seconds_mean,predict_seconds_std,total_seconds_mean,total_seconds_std,train_rows_after_sampling_mean,train_rows_after_sampling_std,macro_f1_delta_vs_10fold_baseline,accuracy_delta_vs_10fold_baseline,balanced_accuracy_delta_vs_10fold_baseline,ordinal_mae_delta_vs_10fold_baseline,same_population_as_10fold_baseline
ten_fold_validation,imputation_indicators_10fold,10,Extra Trees,6834,31,Ten-fold sensitivity check for Extra Trees with imputation indicators.,0.6081302749139634,0.03534132555547071,0.7326556386084782,0.016485684121359378,0.6122348994748388,0.03977685858009847,0.30319282833731476,0.016854114314858535,5.182676009996794,0.5660750734500085,0.051744609995512295,0.006717302423149303,5.2344206199923065,0.5657496726808059,6150.6,0.5163977794943561,0.012389387991950107,0.008195054498129073,0.014526645172042496,-0.00965918334146737,True
ten_fold_validation,main_all_school_extra_trees_10fold,10,Extra Trees,6834,20,Ten-fold sensitivity check for the tuned Extra Trees baseline.,0.5957408869220133,0.0368548632022968,0.7244605841103491,0.015320509722936755,0.5977082543027963,0.043042508086502805,0.3128520116787821,0.01705515183084162,4.422115850000409,0.09659540475180058,0.05242620999924839,0.0020671596291785077,4.474542059999658,0.0980197767219907,6150.6,0.5163977794943561,0.0,0.0,0.0,0.0,True
