experiment,variant,fold,cv_splits,model,rows,train_rows_after_sampling,predictors,fit_seconds,predict_seconds,total_seconds,note,macro_f1,accuracy,balanced_accuracy,ordinal_mae
ten_fold_validation,main_all_school_extra_trees_10fold,1,2,Extra Trees,6834,3417,20,0.2367089000181295,0.031747100001666695,0.2684560000197962,Ten-fold sensitivity check for the tuned Extra Trees baseline.,0.5563607861488266,0.6947614866842259,0.5566531170995691,0.35001463271875916
ten_fold_validation,main_all_school_extra_trees_10fold,2,2,Extra Trees,6834,3417,20,0.2566396000038367,0.02336059999652207,0.28000020000035875,Ten-fold sensitivity check for the tuned Extra Trees baseline.,0.5589280965790137,0.6988586479367866,0.5551906147799173,0.3435762364647352
ten_fold_validation,imputation_indicators_10fold,1,2,Extra Trees,6834,3417,31,0.281503399979556,0.03142919999663718,0.31293259997619316,Ten-fold sensitivity check for Extra Trees with imputation indicators.,0.5730832583905043,0.7052970441908106,0.576289958125352,0.33801580333625986
ten_fold_validation,imputation_indicators_10fold,2,2,Extra Trees,6834,3417,31,0.3122121999913361,0.02717829999164678,0.3393904999829829,Ten-fold sensitivity check for Extra Trees with imputation indicators.,0.5730655679902888,0.7003219198127012,0.5746189622825676,0.3374304945858941
