experiment,variant,fold,cv_splits,model,rows,train_rows_after_sampling,predictors,fit_seconds,predict_seconds,total_seconds,note,macro_f1,accuracy,balanced_accuracy,ordinal_mae
ten_fold_validation,main_all_school_extra_trees_10fold,1,2,Extra Trees,6834,3417,20,0.3727991000050679,0.03767399999196641,0.4104730999970343,Ten-fold sensitivity check for the tuned Extra Trees baseline.,0.5563607861488266,0.6947614866842259,0.5566531170995691,0.35001463271875916
ten_fold_validation,main_all_school_extra_trees_10fold,2,2,Extra Trees,6834,3417,20,0.20936510001774877,0.014978699997300282,0.22434380001504906,Ten-fold sensitivity check for the tuned Extra Trees baseline.,0.5589280965790137,0.6988586479367866,0.5551906147799173,0.3435762364647352
ten_fold_validation,imputation_indicators_10fold,1,2,Extra Trees,6834,3417,31,0.2133345000038389,0.014149099995847791,0.2274835999996867,Ten-fold sensitivity check for Extra Trees with imputation indicators.,0.5730832583905043,0.7052970441908106,0.576289958125352,0.33801580333625986
ten_fold_validation,imputation_indicators_10fold,2,2,Extra Trees,6834,3417,31,0.1460349000117276,0.015295799996238202,0.1613307000079658,Ten-fold sensitivity check for Extra Trees with imputation indicators.,0.5730655679902888,0.7003219198127012,0.5746189622825676,0.3374304945858941
