experiment,variant,cv_splits,model,rows,predictors,note,macro_f1_mean,macro_f1_std,accuracy_mean,accuracy_std,balanced_accuracy_mean,balanced_accuracy_std,ordinal_mae_mean,ordinal_mae_std,fit_seconds_mean,fit_seconds_std,predict_seconds_mean,predict_seconds_std,total_seconds_mean,total_seconds_std,train_rows_after_sampling_mean,train_rows_after_sampling_std
ordinal_classification,ordinal_extra_trees_decomposition,2,Extra Trees,6834,20,Two-threshold ordinal decomposition with fold-internal binary classifiers.,0.5542829093662378,0.003964534668370376,0.7088088966930055,0.0016555031458859754,0.5500529202294263,0.0006718133232659349,0.3364062042727539,0.006001198903836685,0.3942029000027105,0.004788527117501194,0.04246325000713114,0.007276058050591123,0.43666615000984166,0.012064585168092317,3417.0,0.0
ordinal_classification,ordinal_random_forest_decomposition,2,Random Forest,6834,20,Two-threshold ordinal decomposition with fold-internal binary classifiers.,0.5183746172958446,0.01705361036541009,0.6881767632426106,0.010139956768551624,0.5249508351161023,0.017405039990367605,0.36698858647936783,0.010346894661787375,0.21921835000102874,0.02762673263081836,0.045880100020440295,0.0059032102563504295,0.26509845002146903,0.021723522374467927,3417.0,0.0
