experiment,variant,fold,cv_splits,model,rows,train_rows_after_sampling,predictors,fit_seconds,predict_seconds,total_seconds,note,macro_f1,accuracy,balanced_accuracy,ordinal_mae
ten_fold_validation,main_all_school_extra_trees_10fold,1,2,Extra Trees,6834,3417,20,0.15185729999211617,0.014681000000564381,0.16653829999268055,Ten-fold sensitivity check for the tuned Extra Trees baseline.,0.5563607861488266,0.6947614866842259,0.5566531170995691,0.35001463271875916
ten_fold_validation,main_all_school_extra_trees_10fold,2,2,Extra Trees,6834,3417,20,0.14789870000095107,0.015449500002432615,0.16334820000338368,Ten-fold sensitivity check for the tuned Extra Trees baseline.,0.5589280965790137,0.6988586479367866,0.5551906147799173,0.3435762364647352
ten_fold_validation,imputation_indicators_10fold,1,2,Extra Trees,6834,3417,31,0.1677985999849625,0.014704700006404892,0.18250329999136738,Ten-fold sensitivity check for Extra Trees with imputation indicators.,0.5730832583905043,0.7052970441908106,0.576289958125352,0.33801580333625986
ten_fold_validation,imputation_indicators_10fold,2,2,Extra Trees,6834,3417,31,0.1661446999933105,0.02482140000211075,0.19096609999542125,Ten-fold sensitivity check for Extra Trees with imputation indicators.,0.5730655679902888,0.7003219198127012,0.5746189622825676,0.3374304945858941
